"nace","year","market_EU28"
710,2005,9389428.02
710,2006,13426380
710,2007,14901102
710,2008,22367922
710,2009,8935501.2
710,2010,29789464
710,2011,14901058
710,2012,29775004
710,2013,29831928
710,2014,13418533.8
710,2015,10442000.8
710,2016,17868571.2
729,2005,13760504.84039
729,2006,20302543.8759
729,2007,21782855.585007
729,2008,14963252.557094
729,2009,15036400.800575
729,2010,24809261.40848
729,2011,29499311.600382
729,2012,31079789.337786
729,2013,29134338.195648
729,2014,28388824.122337
729,2015,24446297.631492
729,2016,29370704.495724
811,2005,0
811,2006,32793560.195
811,2007,33234754.801761
811,2008,34550006.783406
811,2009,28548025.337629
811,2010,29164562.966306
811,2011,31204119.294575
811,2012,28611032.099881
811,2013,29236758.662454
811,2014,25902526.358758
811,2015,24198919.173968
811,2016,27144183.73611
812,2005,112511541.203005
812,2006,133701413.6964
812,2007,141425323.455411
812,2008,143344172.011288
812,2009,124730825.068322
812,2010,121662643.501512
812,2011,128137677.139043
812,2012,119088105.9984
812,2013,113900061.187752
812,2014,111213262.873601
812,2015,106752146.834388
812,2016,109129223.720706
891,2005,1580307.803109
891,2006,6122884.2851
891,2007,7042588.629444
891,2008,7285336.579036
891,2009,4578200.841083
891,2010,5556196.772692
891,2011,8859036.606392
891,2012,9671144.61173
891,2013,8998174.610712
891,2014,8666106.593536
891,2015,9081773.565788
891,2016,8601044.192358
893,2008,9893630.13956
893,2009,12333530.827591
893,2010,15015126.118756
893,2011,14889107.351484
893,2012,12308904.772339
893,2013,13583274.822474
893,2014,10352249.73188
893,2015,9639659.834244
893,2016,10043961.09771
899,2005,0
899,2006,534272.9557
899,2007,866193.608709
899,2008,9557865.262418
899,2009,8091103.782851
899,2010,9573521.966706
899,2011,10036287.243153
899,2012,10463971.086989
899,2013,9402106.373814
899,2014,10240846.082376
899,2015,10586018.366748
899,2016,11678831.129178
1000,2008,549858473.28838
1000,2009,502617511.980655
1000,2010,515248399.86712
1000,2011,529184610.590992
1000,2012,553814813.868715
1000,2013,552317085.578832
1000,2014,558353413.997323
1000,2015,593106092.95432
1000,2016,590592737.490486
1011,2005,443684611.222587
1011,2006,485403438.7576
1011,2007,469787392.929897
1011,2008,535106493.21055
1011,2009,506874533.677355
1011,2010,530753480.74765
1011,2011,579439732.538567
1011,2012,633111157.896455
1011,2013,637549335.176964
1011,2014,631899361.546124
1011,2015,632793355.947764
1011,2016,644901169.879116
1012,2005,139805080.81211
1012,2006,141421418.0962
1012,2007,166556210.791635
1012,2008,179274831.32417
1012,2009,174104316.707723
1012,2010,181210657.485246
1012,2011,200441134.65526
1012,2012,228010162.156084
1012,2013,239246431.78359
1012,2014,248353488.746958
1012,2015,252334499.612272
1012,2016,251375424.458262
1013,2005,110457976.41998
1013,2006,127364945.5419
1013,2007,120498893.806752
1013,2008,427701845.66523
1013,2009,425475371.757042
1013,2010,433107073.333474
1013,2011,442553756.005659
1013,2012,464325399.184129
1013,2013,472395180.19407
1013,2014,474538322.16931
1013,2015,492849944.6519
1013,2016,489034553.956266
1020,2005,55684293.497763
1020,2006,61212559.6357
1020,2007,59403764.66157
1020,2008,122555648.983708
1020,2009,117650929.617522
1020,2010,124536656.514572
1020,2011,138194572.54541
1020,2012,141440990.538806
1020,2013,147270973.180338
1020,2014,150967391.301272
1020,2015,156710102.146136
1020,2016,159262805.907978
1031,2005,46440446.323635
1031,2006,51224228.0077
1031,2007,57682039.182633
1031,2008,48325850.745156
1031,2009,48816549.295856
1031,2010,53228454.748676
1031,2011,56453358.582726
1031,2012,58836829.660441
1031,2013,60103459.291008
1031,2014,65902221.40971
1031,2015,66604868.954272
1031,2016,67909899.443214
1032,2005,22397049.771726
1032,2006,24540767.2004
1032,2007,26679014.976861
1032,2008,68101144.186006
1032,2009,64051065.050537
1032,2010,61556322.830856
1032,2011,66595748.809368
1032,2012,68654191.873064
1032,2013,70265593.694478
1032,2014,69323313.875725
1032,2015,68558858.18826
1032,2016,70865718.491118
1039,2005,103951169.869463
1039,2006,98915326.4957
1039,2007,104833789.955559
1039,2008,205886209.08666
1039,2009,196162331.152521
1039,2010,200749715.870166
1039,2011,213333373.575751
1039,2012,215330119.402636
1039,2013,226671938.5224
1039,2014,234739074.172442
1039,2015,256544110.1905
1039,2016,258642051.198642
1041,2005,143838503.368203
1041,2006,158803590.0583
1041,2007,173486996.452773
1041,2008,228431217.925134
1041,2009,184227978.948538
1041,2010,201059503.953668
1041,2011,225569913.790539
1041,2012,240820381.22702
1041,2013,232571888.418744
1041,2014,230691112.535737
1041,2015,231184286.660448
1041,2016,243023215.01034
1042,2005,29678692.787849
1042,2006,29797053.2475
1042,2007,30665655.805941
1042,2008,33974189.36736
1042,2009,28914164.94555
1042,2010,30547657.990362
1042,2011,35071547.338424
1042,2012,30169165.502952
1042,2013,29366579.755128
1042,2014,26369379.513883
1042,2015,26054388.130408
1042,2016,25132301.742798
1051,2005,589625005.12041
1051,2006,598404298.4612
1051,2007,669557139.354045
1051,2008,708037550.720326
1051,2009,633760080.397547
1051,2010,633732172.428362
1051,2011,669200263.786169
1051,2012,724070698.516039
1051,2013,745328302.386108
1051,2014,787583345.113873
1051,2015,727540722.308136
1051,2016,713996760.70002
1052,2005,47679321.735458
1052,2006,45639047.8643
1052,2007,44934176.223837
1052,2008,49075929.18553
1052,2009,43387845.111804
1052,2010,43181332.435932
1052,2011,44282211.660971
1052,2012,41984594.246497
1052,2013,43060299.83304
1052,2014,40615792.120897
1052,2015,41225496.507008
1052,2016,43328001.810042
1061,2005,140498266.513577
1061,2006,147857614.4177
1061,2007,170565240.52647
1061,2008,193605302.823858
1061,2009,164426491.299282
1061,2010,160214171.916224
1061,2011,194011499.490427
1061,2012,200815988.509045
1061,2013,197171734.103778
1061,2014,199863298.436207
1061,2015,204448117.922092
1061,2016,195105760.030434
1062,2005,47483611.776657
1062,2006,47719801.1048
1062,2007,54538189.781571
1062,2008,58256730.93082
1062,2009,49497441.933547
1062,2010,51725054.974256
1062,2011,60553593.306238
1062,2012,69593585.805513
1062,2013,71784031.371696
1062,2014,68286702.320711
1062,2015,66241308.320704
1062,2016,68099105.276508
1071,2005,297024227.041878
1071,2006,308411870.1642
1071,2007,328968179.248887
1071,2008,358244705.855766
1071,2009,337031840.44945
1071,2010,347104905.660206
1071,2011,356994414.149519
1071,2012,372031767.179072
1071,2013,365699335.710786
1071,2014,383514950.533498
1071,2015,407510888.139476
1071,2016,404172279.410856
1072,2005,168618604.875259
1072,2006,175962406.73
1072,2007,182865824.557083
1072,2008,174823212.223574
1072,2009,154003370.628251
1072,2010,159805393.44385
1072,2011,159934471.11451
1072,2012,164759091.38388
1072,2013,169720968.222792
1072,2014,174559283.413375
1072,2015,180637193.663564
1072,2016,173164822.330146
1073,2005,24782977.950878
1073,2006,25652613.1873
1073,2007,26406272.656404
1073,2008,36931042.25641
1073,2009,36399382.177033
1073,2010,36728681.323088
1073,2011,38212206.080439
1073,2012,40192377.205729
1073,2013,40117074.358578
1073,2014,38938706.492868
1073,2015,42038726.987884
1073,2016,41944095.861078
1081,2005,107918285.17911
1081,2006,104298021.9105
1081,2007,94574276.920845
1081,2008,92096392.159298
1081,2009,85177992.824044
1081,2010,79381772.08864
1081,2011,91377638.764936
1081,2012,108265085.581926
1081,2013,103876824.24105
1081,2014,87243243.933755
1081,2015,70401804.202312
1081,2016,74591948.431548
1082,2005,237783598.258416
1082,2006,241254527.1741
1082,2007,261551965.38255
1082,2008,268438706.893554
1082,2009,248761203.643827
1082,2010,252380814.874966
1082,2011,250811173.562131
1082,2012,252611439.129791
1082,2013,254382055.727436
1082,2014,259862386.273434
1082,2015,260656237.232688
1082,2016,262793359.557444
1083,2005,101999003.457127
1083,2006,107091633.8789
1083,2007,113805125.074026
1083,2008,112386147.806148
1083,2009,101478014.973068
1083,2010,106089739.45882
1083,2011,117126570.132059
1083,2012,122083091.769499
1083,2013,118458573.693684
1083,2014,115359701.638916
1083,2015,120909418.9776
1083,2016,125680657.866126
1084,2005,59332160.802803
1084,2006,66555445.8338
1084,2007,62126680.282785
1084,2008,73739791.627272
1084,2009,78644406.470361
1084,2010,76799442.612336
1084,2011,77790295.290861
1084,2012,78128151.520804
1084,2013,80654383.62891
1084,2014,79904304.880449
1084,2015,84070502.586664
1084,2016,82604766.70524
1085,2005,24668970.919705
1085,2006,24090737.3201
1085,2007,27732277.020078
1085,2008,157604564.81135
1085,2009,122837332.794034
1085,2010,128675783.379516
1085,2011,128909753.107726
1085,2012,138882216.020058
1085,2013,138120059.098266
1085,2014,146001519.950496
1085,2015,154238592.435356
1085,2016,152426365.019238
1086,2005,27667678.507994
1086,2006,30197957.4952
1086,2007,30966561.209178
1086,2008,34093432.759542
1086,2009,31139052.620593
1086,2010,32415047.778032
1086,2011,38317765.175311
1086,2012,42541297.496285
1086,2013,42910028.953722
1086,2014,42995293.26491
1086,2015,44769653.291396
1086,2016,53214451.452624
1089,2005,62408279.008768
1089,2006,61124370.6964
1089,2007,57929859.409995
1089,2008,161546135.642554
1089,2009,179972290.130767
1089,2010,192671915.443534
1089,2011,157827960.698753
1089,2012,216635634.22802
1089,2013,223100415.354348
1089,2014,189727966.757945
1089,2015,197531485.763612
1089,2016,223262466.353592
1090,2005,218002532.556186
1090,2006,225643100.7974
1090,2007,264776578.756452
1090,2008,316495516.272894
1090,2009,264704312.089919
1090,2010,284030385.138688
1090,2011,335117619.560573
1090,2012,366369826.855942
1090,2013,382594476.6
1090,2014,357827568
1090,2015,360249027.6
1090,2016,351415233.6
1091,2005,213861384.943381
1091,2006,212569327.3726
1091,2007,258969410.691624
1091,2008,310813967.157232
1091,2009,258426988.464401
1091,2010,277203533.673808
1091,2011,330640030.444269
1091,2012,362218044.960688
1091,2013,379104886.8222
1091,2014,361306240.885499
1091,2015,358367200.050112
1091,2016,344148979.12152
1092,2005,55408229.410121
1092,2006,57240849.9542
1092,2007,60628702.300929
1092,2008,64113204.652496
1092,2009,65376937.057346
1092,2010,69796177.941648
1092,2011,70459168.468615
1092,2012,74892658.154895
1092,2013,80440339.54551
1092,2014,80849662.950882
1092,2015,87452159.462888
1092,2016,87493927.930794
1099,2016,118929948.892956
1100,2013,75227336.913204
1100,2014,79476768.029358
1100,2015,78363240.585124
1100,2016,78774854.380422
1101,2005,88694973.857049
1101,2006,93062431.7942
1101,2007,93432703.496625
1101,2008,92130913.318918
1101,2009,85533216.227999
1101,2010,96976851.973946
1101,2011,106365219.758213
1101,2012,112186833.240027
1101,2013,117069069.609282
1101,2014,115599856.120231
1101,2015,124390558.28716
1101,2016,115825865.37552
1102,2005,161010761.206638
1102,2006,169473810.231
1102,2007,186758491.5864
1102,2008,186721746.31576
1102,2009,176282054.721434
1102,2010,167577546.522476
1102,2011,174777973.777985
1102,2012,189637484.319815
1102,2013,210792977.512614
1102,2014,192439069.69112
1102,2015,205574131.07836
1102,2016,211002281.260422
1103,2005,11923083.2
1103,2006,17901840
1103,2007,14901102
1103,2008,13420753.2
1103,2009,12177144.664089
1103,2010,14894732
1103,2011,15791426.017616
1103,2012,16996525.083328
1103,2013,17899156.8
1103,2014,18844593.767447
1103,2015,19494678.476416
1103,2016,19200449.82582
1104,2005,3579071.114976
1104,2006,3731668.3844
1104,2007,4681009.830627
1104,2008,4215428.756224
1104,2009,4467892.078769
1104,2010,4245348.646202
1104,2011,4519639.90198
1104,2012,4466250.6
1104,2013,4698528.66
1104,2014,3727370.5
1104,2015,3729286
1104,2016,4121490.180612
1105,2005,213254343.518034
1105,2006,225242666.473
1105,2007,231632355.599892
1105,2008,238997093.592482
1105,2009,228691933.916109
1105,2010,229733278.053208
1105,2011,230640654.421591
1105,2012,230383014.106105
1105,2013,224923608.550032
1105,2014,225288840.646821
1105,2015,235077959.587328
1105,2016,239698983.250482
1106,2005,15403841.042065
1106,2006,15007589.8544
1106,2007,17955373.426389
1106,2008,23106272.193272
1106,2009,21577418.512756
1106,2010,18265141.746424
1106,2011,20624993.959011
1106,2012,25277296.108274
1106,2013,25882568.547864
1106,2014,20931436.689282
1106,2015,24931962.547272
1106,2016,23392952.686476
1107,2005,276967350.617524
1107,2006,299471310.8541
1107,2007,307487257.243155
1107,2008,320702228.995512
1107,2009,308223918.613168
1107,2010,320141054.241632
1107,2011,324838586.632071
1107,2012,328485436.75402
1107,2013,345290053.367028
1107,2014,370158529.63551
1107,2015,339645624.937212
1107,2016,335303366.3061
1200,2005,127360720.414606
1200,2006,124007806.0276
1200,2007,125413329.400209
1200,2008,130797445.363438
1200,2009,108600681.689612
1200,2010,105719694.737012
1200,2011,99067389.350068
1200,2012,92353822.175643
1200,2013,87513362.888616
1200,2014,82221476.934961
1200,2015,83753983.1667
1200,2016,76631854.300692
1310,2005,72683584.658601
1310,2006,70189810.2587
1310,2007,65374643.683521
1310,2008,56006182.45879
1310,2009,45743518.739411
1310,2010,50781280.07054
1310,2011,56850680.393238
1310,2012,53408347.699924
1310,2013,53462096.48808
1310,2014,51422885.420151
1310,2015,51025142.710652
1310,2016,50008219.269828
1320,2005,140931379.962744
1320,2006,141763731.1134
1320,2007,143110720.047672
1320,2008,122972221.707062
1320,2009,89350440.001886
1320,2010,95249845.035376
1320,2011,105492308.330044
1320,2012,103598077.017456
1320,2013,95750659.259724
1320,2014,96513698.92542
1320,2015,96034947.103304
1320,2016,92779525.744134
1330,2005,60661137.463983
1330,2006,61389825.1472
1330,2007,60055702.775172
1330,2008,56283447.763928
1330,2009,46807364.619781
1330,2010,47329023.771776
1330,2011,47244184.365979
1330,2012,47043159.001069
1330,2013,47951363.756352
1330,2014,47370928.04227
1330,2015,46705846.372592
1330,2016,34187244.869826
1391,2005,134134.686
1391,2006,28442346.4237
1391,2007,26296488.787419
1391,2008,22740839.995584
1391,2009,18814122.212907
1391,2010,19868842.646132
1391,2011,20242990.436123
1391,2012,20375645.624782
1391,2013,21368073.051696
1391,2014,20522916.882482
1391,2015,22931267.73542
1391,2016,22555087.93767
1392,2005,80291242.029047
1392,2006,83122479.8888
1392,2007,86634083.159676
1392,2008,80686105.068528
1392,2009,69888382.258214
1392,2010,73362617.255924
1392,2011,73807018.971591
1392,2012,76274791.509322
1392,2013,74425275.696996
1392,2014,77944401.288362
1392,2015,80063571.243964
1392,2016,79547148.918162
1393,2005,43296262.216452
1393,2006,45535672.1974
1393,2007,46034890.826373
1393,2008,42401773.707222
1393,2009,34160897.647664
1393,2010,36765478.758494
1393,2011,38376102.817381
1393,2012,37341472.678986
1393,2013,35877427.873056
1393,2014,37178664.506991
1393,2015,39704954.726228
1393,2016,40095406.039488
1394,2005,7643493.687389
1394,2006,8001391.4882
1394,2007,8231026.019454
1394,2008,8636366.52381
1394,2009,7754034.338834
1394,2010,8517217.36273
1394,2011,9289967.753223
1394,2012,9326141.640382
1394,2013,9157066.917222
1394,2014,10417583.082004
1394,2015,10852774.194328
1394,2016,11030857.175562
1395,2005,28828964.455893
1395,2006,31667631.4273
1395,2007,33101725.213656
1395,2008,32546623.849476
1395,2009,27740278.367902
1395,2010,32339732.565674
1395,2011,36343009.91439
1395,2012,36633661.283898
1395,2013,38567425.02669
1395,2014,40572316.071385
1395,2015,43217792.966788
1395,2016,41653456.105272
1396,2005,55023628.005724
1396,2006,57258468.3484
1396,2007,57155829.117156
1396,2008,53743383.821478
1396,2009,43158947.356064
1396,2010,47853713.048574
1396,2011,51852098.135551
1396,2012,50076658.739842
1396,2013,51272462.804808
1396,2014,51943271.070397
1396,2015,56414982.805016
1396,2016,55336277.275482
1399,2005,16164444.327101
1399,2006,15580754.5575
1399,2007,14587083.627003
1399,2008,15295565.318274
1399,2009,11852368.980473
1399,2010,13494634.639366
1399,2011,13391953.35105
1399,2012,13220883.369855
1399,2013,14177332.920702
1399,2014,15846110.568722
1399,2015,17181141.320596
1399,2016,16847196.22497
1411,2005,8024376.580213
1411,2006,12771471.02
1411,2007,11799005.486742
1411,2008,5205835.60654
1411,2009,5067479.101791
1411,2010,6111584.092142
1411,2011,6013366.659074
1411,2012,6624380.108675
1411,2013,6039018.886698
1411,2014,7207236.144059
1411,2015,5612843.938592
1411,2016,5441657.447058
1412,2005,12216309.075523
1412,2006,12317219.2891
1412,2007,11501646.545781
1412,2008,13372020.953936
1412,2009,9604375.588577
1412,2010,9623166.108462
1412,2011,9891076.432943
1412,2012,9589464.332007
1412,2013,10031008.163946
1412,2014,10388293.404615
1412,2015,10791979.373956
1412,2016,11317647.743322
1413,2005,125444517.001972
1413,2006,132875266.1577
1413,2007,126732732.575697
1413,2008,130896505.434002
1413,2009,95996330.713151
1413,2010,88585562.12291
1413,2011,86594645.014393
1413,2012,93274926.811885
1413,2013,88807501.757184
1413,2014,85923083.850065
1413,2015,78924893.43244
1413,2016,81860555.605236
1414,2005,70147872.746749
1414,2006,71360090.835
1414,2007,70984550.960073
1414,2008,63177017.645108
1414,2009,50377849.420532
1414,2010,49479383.677982
1414,2011,46906027.206256
1414,2012,47077422.586922
1414,2013,48752530.01472
1414,2014,47230652.180873
1414,2015,46883554.309064
1414,2016,46772533.725504
1419,2005,36127545.702087
1419,2006,35600844.6937
1419,2007,35417825.849169
1419,2008,34460505.27151
1419,2009,30264885.091946
1419,2010,29265482.222972
1419,2011,28508108.12328
1419,2012,28827615.478977
1419,2013,28911963.546354
1419,2014,29987813.88365
1419,2015,27580576.050192
1419,2016,27581100.082902
1420,2005,2237180.264305
1420,2006,2487214.5177
1420,2007,2220346.154061
1420,2008,2379835.06119
1420,2009,2201029.886839
1420,2010,2501026.581682
1420,2011,2873721.189003
1420,2012,3499910.288931
1420,2013,4401820.304112
1420,2014,4667286.609503
1420,2015,4356671.242352
1420,2016,5367458.20515
1431,2005,24634341.814936
1431,2006,24076952.9033
1431,2007,26469200.01015
1431,2008,25372239.619534
1431,2009,21941361.476632
1431,2010,22463683.697316
1431,2011,23609139.438323
1431,2012,23808063.423396
1431,2013,21678019.325634
1431,2014,22323818.30378
1431,2015,21099688.585096
1431,2016,20688142.392504
1439,2005,43049745.019365
1439,2006,46126858.0861
1439,2007,39135933.919107
1439,2008,35896376.74443
1439,2009,27521299.018494
1439,2010,26526549.53442
1439,2011,25886103.056542
1439,2012,26917630.853638
1439,2013,25999927.352616
1439,2014,23796576.93574
1439,2015,18344678.552596
1439,2016,19969140.868368
1511,2005,7448797.19066
1511,2006,65669334.5902
1511,2007,67845693.428181
1511,2008,55937870.825002
1511,2009,44387295.813526
1511,2010,50458764.438544
1511,2011,56548010.103142
1511,2012,57565846.395946
1511,2013,62658772.747704
1511,2014,67899860.900739
1511,2015,65791593.721964
1511,2016,64410920.502258
1512,2005,39046472.959914
1512,2006,43638770.8537
1512,2007,48409590.045501
1512,2008,48423986.274944
1512,2009,40316475.069332
1512,2010,50028396.052136
1512,2011,62151247.492353
1512,2012,58717186.250618
1512,2013,58767391.647636
1512,2014,58591811.650211
1512,2015,59449271.607484
1512,2016,57161492.261658
1520,2005,110241356.354017
1520,2006,117953717.0218
1520,2007,119578117.461417
1520,2008,112345266.700706
1520,2009,97617789.099656
1520,2010,102448692.431956
1520,2011,125928967.816993
1520,2012,113626477.01468
1520,2013,119396295.602472
1520,2014,134232794.881206
1520,2015,134792879.48412
1520,2016,128425724.561964
1610,2005,168270271.999571
1610,2006,174860153.1457
1610,2007,194281126.667325
1610,2008,166099991.058638
1610,2009,137334185.6934
1610,2010,160272052.844776
1610,2011,172836395.722701
1610,2012,169780065.195902
1610,2013,170580075.543318
1610,2014,180361084.691445
1610,2015,179819980.30524
1610,2016,182877716.02971
1621,2005,12240907.88655
1621,2006,11950738.7879
1621,2007,166521014.388711
1621,2008,152570589.40551
1621,2009,117519614.981137
1621,2010,127257745.314188
1621,2011,135154004.209981
1621,2012,134970100.575751
1621,2013,135973129.819926
1621,2014,139675195.640925
1621,2015,142312410.393076
1621,2016,138712162.170858
1622,2005,16607118.598609
1622,2006,18802392.0612
1622,2007,18514596.883347
1622,2008,13654408.513212
1622,2009,10989147.440796
1622,2010,11369834.093272
1622,2011,12188163.929991
1622,2012,12219326.672805
1622,2013,11690916.301722
1622,2014,12333488.792709
1622,2015,13491065.0336
1622,2016,14097520.92681
1623,2005,208578162.450483
1623,2006,230611331.3207
1623,2007,250672186.526535
1623,2008,237318120.087292
1623,2009,191481156.106359
1623,2010,199501924.591598
1623,2011,211708182.234452
1623,2012,201137625.546004
1623,2013,202539616.648278
1623,2014,208079153.582825
1623,2015,216846024.809084
1623,2016,217200091.969236
1624,2005,46875951.841369
1624,2006,51398233.8925
1624,2007,59382672.151689
1624,2008,58341095.27663
1624,2009,46809978.253882
1624,2010,52400955.570318
1624,2011,59161350.204653
1624,2012,58807315.187726
1624,2013,59495402.560566
1624,2014,64720801.510771
1624,2015,69555084.733156
1624,2016,70162173.28107
1629,2005,25243946.703171
1629,2006,25060196.5471
1629,2007,25244172.964179
1629,2008,50470919.553008
1629,2009,40422926.673628
1629,2010,43069391.077586
1629,2011,44136278.149448
1629,2012,47572432.028422
1629,2013,46574597.905206
1629,2014,48724559.91305
1629,2015,46850923.056564
1629,2016,55131272.647152
1711,2005,0
1711,2006,56347466.0881
1711,2007,60194238.320466
1711,2008,57651984.335654
1711,2009,43088736.655385
1711,2010,67164949.060188
1711,2011,68631710.166024
1711,2012,65875558.72478
1711,2013,67157919.716916
1711,2014,66058465.326329
1711,2015,71876274.383848
1711,2016,72867065.47266
1712,2005,423206574.239974
1712,2006,456452120.6454
1712,2007,469335122.132544
1712,2008,470885587.013624
1712,2009,393338744.889979
1712,2010,451540108.499002
1712,2011,475640154.595207
1712,2012,461756851.020318
1712,2013,448224718.2
1712,2014,450846178.700239
1712,2015,457238910.593608
1712,2016,441350752.880514
1721,2005,286912096.237564
1721,2006,295948467.4333
1721,2007,380337217.5582
1721,2008,360538461.697126
1721,2009,278879338.021065
1721,2010,307379724.495456
1721,2011,330722515.250828
1721,2012,328878087.175519
1721,2013,360220724.507532
1721,2014,331298575.026566
1721,2015,342753947.525352
1721,2016,359995661.928336
1722,2005,124450102.055384
1722,2006,124092720.422
1722,2007,131517528.581754
1722,2008,134773559.722184
1722,2009,129608327.96835
1722,2010,138514491.15475
1722,2011,144031242.45872
1722,2012,147027108.81425
1722,2013,146619645.238332
1722,2014,144284827.283534
1722,2015,149304985.73166
1722,2016,151760075.780142
1723,2005,55983689.568842
1723,2006,55903739.1473
1723,2007,57665320.146189
1723,2008,51326798.264442
1723,2009,44788767.882442
1723,2010,40760476.74924
1723,2011,41396338.659169
1723,2012,39565017.871449
1723,2013,38012894.233062
1723,2014,38720655.318618
1723,2015,37149894.091904
1723,2016,35570011.697376
1724,2005,7333247.610598
1724,2006,6987192.5794
1724,2007,7594786.216809
1724,2008,7563593.528716
1724,2009,3949655.347922
1724,2010,7486904.066094
1724,2011,7640010.853528
1724,2012,7878801.027195
1724,2013,7603725.884244
1724,2014,7058066.776649
1724,2015,6470087.45284
1724,2016,6344630.802174
1729,2005,71316319.996495
1729,2006,76495151.5889
1729,2007,74698397.314839
1729,2008,76025688.872036
1729,2009,70828657.603239
1729,2010,75462022.283958
1729,2011,76176063.677721
1729,2012,78504209.821324
1729,2013,81997901.7963
1729,2014,89045763.03385
1729,2015,87770371.978696
1729,2016,86128821.20778
1811,2005,27890289.923265
1811,2006,31262326.3106
1811,2007,30312119.71044
1811,2008,35560992.121962
1811,2009,27546206.728089
1811,2010,26834922.618382
1811,2011,26538605.485304
1811,2012,25161456.455212
1811,2013,23309795.955306
1811,2014,22371916.292712
1811,2015,18646430
1811,2016,19306403.007798
1812,2005,358817707.169292
1812,2006,362165232.8316
1812,2007,378891423.235548
1812,2008,424441087.27594
1812,2009,375209633.091566
1812,2010,366289841.791826
1812,2011,375082979.817886
1812,2012,356623731.115393
1812,2013,333039370.768314
1812,2014,331293893.449218
1812,2015,334782598.700352
1812,2016,349672407.617532
1813,2005,51751255.850287
1813,2006,62193461.1221
1813,2007,52754155.344621
1813,2008,60910781.803782
1813,2009,48125068.089243
1813,2010,46491560.01771
1813,2011,46845618.317124
1813,2012,44775747.783963
1813,2013,43321135.295508
1813,2014,43217787.464796
1813,2015,45559210.264744
1813,2016,43341835.062246
1814,2005,27069422.90458
1814,2006,26322097.2487
1814,2007,25971071.071392
1814,2008,28372747.236354
1814,2009,23971879.661822
1814,2010,25686821.78109
1814,2011,20843048.591254
1814,2012,19709020.503977
1814,2013,18355145.277462
1814,2014,18524584.10054
1814,2015,19142484.706576
1814,2016,18030021.18603
1820,2005,92502714.803947
1820,2006,131028094.6337
1820,2007,144358240.307112
1820,2008,34351416.915916
1820,2009,20912728.917241
1820,2010,19228406.406962
1820,2011,17152980.39025
1820,2012,13614977.879048
1820,2013,11627217.67746
1820,2014,10664625.744003
1820,2015,11561189.362888
1820,2016,10741587.343548
1910,2005,0
1910,2006,2539174.6083
1910,2007,3204541.589508
1910,2008,2343352.980408
1910,2009,2280972.837575
1910,2010,2690941.862048
1910,2011,3292105.644998
1910,2012,3047642.865673
1910,2013,2725377.820242
1910,2014,2633968.728048
1910,2015,2528329.112276
1910,2016,2457211.459044
2011,2005,0
2011,2006,43808211.7693
2011,2007,48104549.586459
2011,2008,58467235.444762
2011,2009,45812776.319962
2011,2010,50935500.125668
2011,2011,50362424.466233
2011,2012,53424232.664558
2011,2013,54263344.78425
2011,2014,52149342.47586
2011,2015,51629480.965524
2011,2016,49165976.721078
2012,2005,0
2012,2006,79500452.8153
2012,2007,79116544.255635
2012,2008,74085025.591394
2012,2009,58427298.875289
2012,2010,73564202.558812
2012,2011,80003467.479782
2012,2012,79880678.48124
2012,2013,77253954.02592
2012,2014,78156518.488776
2012,2015,77137983.669824
2012,2016,79454679.062202
2013,2005,8217627.403104
2013,2006,131534574.9828
2013,2007,136881709.235775
2013,2008,154409463.729104
2013,2009,120799911.934167
2013,2010,137635508.335234
2013,2011,152888110.961173
2013,2012,149023143.201149
2013,2013,146179669.048224
2013,2014,144909758.221564
2013,2015,148616686.331784
2013,2016,141186170.08683
2014,2005,41603080.075074
2014,2006,762631221.1111
2014,2007,820077901.75593
2014,2008,730515000.978386
2014,2009,657662553.553798
2014,2010,740037058.843556
2014,2011,836594636.666161
2014,2012,897448514.664016
2014,2013,835553902.130682
2014,2014,829469082.183084
2014,2015,752407370.140404
2014,2016,689748990.457812
2015,2005,0
2015,2006,104092165.6687
2015,2007,113735618.883747
2015,2008,162595653.454742
2015,2009,101466584.977783
2015,2010,126404031.40751
2015,2011,158208667.829595
2015,2012,166459623.743581
2015,2013,158285316.270984
2015,2014,150355118.51346
2015,2015,152050389.123424
2015,2016,125310532.749432
2016,2005,0
2016,2006,622256844.341
2016,2007,651079281.137679
2016,2008,631668887.04429
2016,2009,466536323.001354
2016,2010,571724762.638886
2016,2011,624312622.138658
2016,2012,633196761.032955
2016,2013,644474153.501766
2016,2014,639912209.18583
2016,2015,647410217.839044
2016,2016,616225426.234026
2017,2005,0
2017,2006,40623869.7656
2017,2007,39919120.939125
2017,2008,38724241.28328
2017,2009,28905028.395573
2017,2010,40102256.200062
2017,2011,50838699.532558
2017,2012,49763864.879071
2017,2013,41707943.95698
2017,2014,39033724.621654
2017,2015,35949459.30422
2017,2016,35346058.938336
2020,2005,54836882.715104
2020,2006,50186659.7386
2020,2007,51525179.50662
2020,2008,57463027.586572
2020,2009,54239646.452905
2020,2010,56021068.051356
2020,2011,62533444.728995
2020,2012,64168453.532946
2020,2013,64485180.33363
2020,2014,68232066.523922
2020,2015,72065408.852624
2020,2016,69543913.272312
2030,2005,235980820.626649
2030,2006,239938920.9525
2030,2007,251474066.979012
2030,2008,238902879.905018
2030,2009,203911875.402002
2030,2010,225332316.694436
2030,2011,238150683.346185
2030,2012,238593605.446623
2030,2013,238401897.359892
2030,2014,241706871.490322
2030,2015,242124370.898608
2030,2016,240460355.624076
2041,2005,107599484.290123
2041,2006,132444100.3413
2041,2007,132805803.355164
2041,2008,162786257.974078
2041,2009,147753546.007676
2041,2010,130728798.764736
2041,2011,141611176.529998
2041,2012,150582020.97932
2041,2013,159434986.57023
2041,2014,148301441.734334
2041,2015,150033658.381772
2041,2016,148882401.950286
2042,2005,192438741.694248
2042,2006,201031986.8249
2042,2007,205142115.233718
2042,2008,189315247.223868
2042,2009,170802217.131765
2042,2010,191216499.048252
2042,2011,200178727.02388
2042,2012,194971676.286415
2042,2013,202401696.187152
2042,2014,198890782.744311
2042,2015,207152372.372132
2042,2016,207907154.3643
2051,2005,18659476.16946
2051,2006,17250108.5966
2051,2007,17181134.518122
2051,2008,14816429.517086
2051,2009,16064586.584906
2051,2010,16444476.733038
2051,2011,16904363.688049
2051,2012,17226388.114208
2051,2013,18331853.999676
2051,2014,16647867.963272
2051,2015,17969460.170992
2051,2016,18037429.19784
2052,2005,32869600.477322
2052,2006,30990956.7935
2052,2007,37004040.706518
2052,2008,24042086.40196
2052,2009,46018181.153797
2052,2010,35488158.673736
2052,2011,33496065.926613
2052,2012,46548223.997079
2052,2013,42213848.707968
2052,2014,35531211.474437
2052,2015,35649579.958388
2052,2016,42836228.949666
2053,2005,38186200.151253
2053,2006,44996617.9586
2053,2007,45370830.666294
2053,2008,36465647.815304
2053,2009,35448257.644301
2053,2010,45248050.974592
2053,2011,49188824.588682
2053,2012,48770488.86437
2053,2013,57231017.523708
2053,2014,58437386.690396
2053,2015,52933910.622604
2053,2016,70325678.152788
2059,2005,195567515.216395
2059,2006,211918528.3567
2059,2007,288009743.698017
2059,2008,303288458.743708
2059,2009,263189074.473929
2059,2010,297818297.051134
2059,2011,331533348.871369
2059,2012,340576574.590854
2059,2013,344925067.18593
2059,2014,334557489.602126
2059,2015,344641301.877092
2059,2016,354751928.68827
2060,2005,12162714.816539
2060,2006,18059018.1552
2060,2007,13750476.156315
2060,2008,50726010.79147
2060,2009,37107498.30838
2060,2010,44222578.465856
2060,2011,50096820.557912
2060,2012,54034359.715273
2060,2013,49341740.424648
2060,2014,49904459.044825
2060,2015,55720298.867508
2060,2016,48000916.097886
2110,2005,36298254.445803
2110,2006,94384527.4328
2110,2007,96450377.816502
2110,2008,143627603.406924
2110,2009,126363490.062582
2110,2010,140476499.72745
2110,2011,156866790.30405
2110,2012,162342566.946742
2110,2013,164754459.353568
2110,2014,176014277.397532
2110,2015,183091451.697308
2110,2016,194814963.92463
2120,2005,867013471.584631
2120,2006,897777805.5961
2120,2007,954342813.568383
2120,2008,836606897.549448
2120,2009,828509969.429133
2120,2010,990203071.754318
2120,2011,973621979.536315
2120,2012,971936381.639531
2120,2013,1001233867.21852
2120,2014,1045618186.72168
2120,2015,1084656075.63377
2120,2016,1149708467.98362
2211,2005,124622502.386529
2211,2006,139006743.326
2211,2007,148248366.698538
2211,2008,145141397.264118
2211,2009,117041215.69314
2211,2010,130186049.625388
2211,2011,158235437.580292
2211,2012,156593437.968149
2211,2013,151961656.043274
2211,2014,144114314.992641
2211,2015,142521608.420532
2211,2016,139169210.441202
2219,2005,161654421.401263
2219,2006,175286209.4786
2219,2007,185285219.63166
2219,2008,189078042.867032
2219,2009,146881627.246831
2219,2010,174751102.66412
2219,2011,203893992.913962
2219,2012,202230673.386595
2219,2013,193387658.448726
2219,2014,193485648.234851
2219,2015,204286028.235388
2219,2016,206137123.48218
2221,2005,354720466.310371
2221,2006,392811176.4137
2221,2007,421580413.16829
2221,2008,420571242.914616
2221,2009,341567061.529761
2221,2010,384826737.92359
2221,2011,420958293.391753
2221,2012,418972127.978831
2221,2013,416259255.457332
2221,2014,430479930.654613
2221,2015,451489268.985964
2221,2016,446956198.118334
2222,2005,235846603.969452
2222,2006,256633020.776
2222,2007,266319528.264144
2222,2008,266978648.240978
2222,2009,228937779.339125
2222,2010,247846150.954396
2222,2011,277977359.456692
2222,2012,285134087.942662
2222,2013,287368255.176534
2222,2014,294001655.963092
2222,2015,309056238.566504
2222,2016,310917926.168034
2223,2005,159500620.748161
2223,2006,175442843.1195
2223,2007,180822719.560761
2223,2008,194104681.594456
2223,2009,167243393.16008
2223,2010,175647631.477932
2223,2011,176907051.846083
2223,2012,175909316.763061
2223,2013,182671157.327232
2223,2014,187970094.101699
2223,2015,192355527.67992
2223,2016,193737697.547934
2229,2005,353921016.129884
2229,2006,397470063.1418
2229,2007,409193015.317425
2229,2008,402482900.871136
2229,2009,334426002.573247
2229,2010,385287856.484212
2229,2011,430974024.625395
2229,2012,435714367.084248
2229,2013,456090696.563292
2229,2014,474242465.863243
2229,2015,499268187.570768
2229,2016,507045887.594916
2311,2005,25346559.737961
2311,2006,29490648.3377
2311,2007,32631438.983985
2311,2008,31670561.816424
2311,2009,22283673.081353
2311,2010,24965343.305108
2311,2011,25724478.730945
2311,2012,23639685.775776
2311,2013,21911401.95636
2311,2014,21847900.183599
2311,2015,21810087.733808
2311,2016,23075934.452436
2312,2005,84813183.111552
2312,2006,95000977.2932
2312,2007,106535816.177652
2312,2008,105125281.73378
2312,2009,86145417.200215
2312,2010,91972132.653554
2312,2011,95308694.326445
2312,2012,92205840.405763
2312,2013,89075012.113542
2312,2014,95233257.701778
2312,2015,98371531.246604
2312,2016,101797838.300202
2313,2005,76774603.158477
2313,2006,76752550.2117
2313,2007,84862401.736284
2313,2008,89198053.7542
2313,2009,77634553.355992
2313,2010,81072227.354882
2313,2011,84079167.611297
2313,2012,84548691.952095
2313,2013,88506877.960746
2313,2014,86550586.67374
2313,2015,85963756.668856
2313,2016,85719206.548734
2314,2005,25584715.872954
2314,2006,28398113.9607
2314,2007,32077721.484216
2314,2008,36708160.825628
2314,2009,29665886.322753
2314,2010,29759324.509798
2314,2011,30373027.685683
2314,2012,28789942.655166
2314,2013,28375264.787688
2314,2014,29481733.881383
2314,2015,29925290.036972
2314,2016,30396628.511172
2319,2005,31799824.192983
2319,2006,32386069.562
2319,2007,32917644.450099
2319,2008,29164333.083986
2319,2009,24838049.916895
2319,2010,27057494.598658
2319,2011,29492479.465289
2319,2012,24978995.2307
2319,2013,25232732.202258
2319,2014,27758145.578996
2319,2015,28576131.323608
2319,2016,26679548.768244
2320,2005,28584794.615811
2320,2006,33963818.394
2320,2007,35375260.851306
2320,2008,38010279.580962
2320,2009,27721439.352872
2320,2010,29854457.163082
2320,2011,32156326.702891
2320,2012,30238518.931019
2320,2013,29994564.213474
2320,2014,32816209.711719
2320,2015,32024378.330648
2320,2016,30999536.439174
2331,2005,79276833.562318
2331,2006,87295823.9615
2331,2007,91312328.835882
2331,2008,77411694.790844
2331,2009,62021753.158009
2331,2010,61962129.804196
2331,2011,63668763.788544
2331,2012,63601701.219308
2331,2013,65594465.660346
2331,2014,65758643.09805
2331,2015,71706755.959432
2331,2016,73919784.89967
2332,2005,60591171.32138
2332,2006,67688930.6698
2332,2007,65780914.779
2332,2008,51749872.597124
2332,2009,46120894.740091
2332,2010,42719588.296566
2332,2011,44479501.668891
2332,2012,42853391.644462
2332,2013,38662820.074452
2332,2014,37992110.935429
2332,2015,38911146.36684
2332,2016,40954273.804692
2341,2005,19035828.290668
2341,2006,18575948.7034
2341,2007,18147679.59825
2341,2008,16608510.147856
2341,2009,12159593.850482
2341,2010,13130637.17875
2341,2011,13318126.059189
2341,2012,13172365.000837
2341,2013,13392574.222734
2341,2014,14357152.784569
2341,2015,14646353.084968
2341,2016,14619737.365368
2342,2005,16307946.08534
2342,2006,17921808.0107
2342,2007,19542258.833328
2342,2008,17305964.323738
2342,2009,13054409.833152
2342,2010,13112577.3162
2342,2011,12412894.236218
2342,2012,11232285.290205
2342,2013,11087259.78066
2342,2014,11248838.886691
2342,2015,11133492.468692
2342,2016,11267541.291582
2343,2005,2980748.444219
2343,2006,5113824.6962
2343,2007,5720182.881903
2343,2008,4743729.249968
2343,2009,3148200.46029
2343,2010,3455287.376726
2343,2011,3333389.026187
2343,2012,3197172.935761
2343,2013,3210638.877054
2343,2014,3306900.743377
2343,2015,3452319.387352
2343,2016,3367644.942636
2344,2005,5374501.146721
2344,2006,5908442.6192
2344,2007,6400507.594815
2344,2008,6474491.950562
2344,2009,6049803.426213
2344,2010,9759609.300948
2344,2011,10982631.085146
2344,2012,10501026.079467
2344,2013,11192857.347798
2344,2014,11388115.812794
2344,2015,12264696.791072
2344,2016,12805087.171914
2349,2005,3058263.388873
2349,2006,3342236.2325
2349,2007,3435054.186897
2349,2008,3347568.294572
2349,2009,3087439.05213
2349,2010,3296479.744142
2349,2011,3227904.436605
2349,2012,2957938.222372
2349,2013,2824583.896806
2349,2014,2704922.952886
2349,2015,3121322.879136
2349,2016,3301069.62444
2351,2005,122691827.331661
2351,2006,142193173.8777
2351,2007,155253143.781657
2351,2008,153842168.49134
2351,2009,118768760.817642
2351,2010,107151957.2714
2351,2011,108868582.601155
2351,2012,103313033.460413
2351,2013,96553667.639646
2351,2014,96269399.608109
2351,2015,95280161.99262
2351,2016,93971530.683648
2352,2005,21791998.010888
2352,2006,26109356.2576
2352,2007,27797573.649042
2352,2008,27806973.017286
2352,2009,21785496.5507
2352,2010,22903741.10689
2352,2011,23822552.390999
2352,2012,24023880.096139
2352,2013,23718873.725988
2352,2014,23504753.644554
2352,2015,23281634.15512
2352,2016,22759340.596962
2361,2005,175769906.236225
2361,2006,192982409.5507
2361,2007,203171891.527278
2361,2008,206969979.643404
2361,2009,158344937.058805
2361,2010,150322275.053018
2361,2011,160121673.106164
2361,2012,146735656.187596
2361,2013,134814524.858244
2361,2014,167410581.895648
2361,2015,189937108.084636
2361,2016,151725693.671058
2362,2005,21807699.221077
2362,2006,23420880.3037
2362,2007,25115196.475818
2362,2008,24783948.358986
2362,2009,19865704.11788
2362,2010,20353010.804524
2362,2011,21271401.855051
2362,2012,21301097.411608
2362,2013,20828383.642248
2362,2014,20682709.255817
2362,2015,22538857.345356
2362,2016,23433052.738344
2363,2005,153249452.553379
2363,2006,180461795.5228
2363,2007,197696727.465561
2363,2008,188738125.012372
2363,2009,148924387.068665
2363,2010,135164092.480768
2363,2011,138343471.367475
2363,2012,126359526.718999
2363,2013,119756150.691954
2363,2014,120111569.739805
2363,2015,124975519.171976
2363,2016,126088880.265666
2364,2005,37451954.332016
2364,2006,41416197.7449
2364,2007,42620526.819603
2364,2008,44018519.653408
2364,2009,37399093.49754
2364,2010,37175068.993762
2364,2011,38329686.021711
2364,2012,36541083.352711
2364,2013,35366750.013588
2364,2014,37027676.182777
2364,2015,38169794.144328
2364,2016,37048047.790374
2365,2005,2099438.845637
2365,2006,2508562.4619
2365,2007,10147918.681836
2365,2008,8859098.835112
2365,2009,8608938.416144
2365,2010,9200662.14055
2365,2011,9600617.559878
2365,2012,8219791.816754
2365,2013,7161780.786888
2365,2014,7538845.387962
2365,2015,7644230.774224
2365,2016,7939981.510338
2369,2005,43870634.393831
2369,2006,44956965.383
2369,2007,50004797.717907
2369,2008,63195814.155562
2369,2009,42177471.904256
2369,2010,40396427.157062
2369,2011,44269545.761671
2369,2012,38598990.197922
2369,2013,42489070.617714
2369,2014,37900246.162086
2369,2015,37603278.308068
2369,2016,36260885.112348
2370,2005,64672286.210273
2370,2006,63762848.303
2370,2007,65861030.553903
2370,2008,61546075.524426
2370,2009,50960928.105087
2370,2010,49995016.957724
2370,2011,47221721.021044
2370,2012,49083796.34396
2370,2013,50030969.831178
2370,2014,47881026.149936
2370,2015,45351727.708848
2370,2016,47543934.834684
2391,2005,21280043.174061
2391,2006,22044683.8128
2391,2007,22616453.033091
2391,2008,22030009.802346
2391,2009,16211195.820845
2391,2010,19194714.523178
2391,2011,20933199.992154
2391,2012,21530096.967372
2391,2013,21722565.85212
2391,2014,22207964.173899
2391,2015,21972759.189128
2391,2016,21795941.690238
2399,2005,88233587.796844
2399,2006,99191223.6865
2399,2007,105662812.765329
2399,2008,118077367.320088
2399,2009,104066391.390676
2399,2010,109252457.062236
2399,2011,122987357.407742
2399,2012,123259829.702583
2399,2013,122349291.033354
2399,2014,128269747.555306
2399,2015,126099167.96092
2399,2016,123209240.892978
2410,2005,583724383.023635
2410,2006,701367521.8858
2410,2007,764302480.92585
2410,2008,1372901388.37729
2410,2009,630950468.416478
2410,2010,809023447.443194
2410,2011,934440414.929802
2410,2012,1180145027.24171
2410,2013,1096524100.50149
2410,2014,1056016603.66457
2410,2015,1002108934.1681
2410,2016,887056828.531506
2420,2005,35897884.763874
2420,2006,53533058.1489
2420,2007,64291892.359446
2420,2008,244734994.959636
2420,2009,165452599.579584
2420,2010,168951302.549568
2420,2011,203314922.899024
2420,2012,201116343.861895
2420,2013,187580269.566984
2420,2014,185314588.626902
2420,2015,177719773.225764
2420,2016,162524036.06388
2431,2005,0
2431,2006,24516562.4209
2431,2007,27927868.88493
2431,2008,38633621.375284
2431,2009,19078613.048427
2431,2010,29064939.551324
2431,2011,37389608.074607
2431,2012,30839408.286743
2431,2013,29095705.848888
2431,2014,30934096.341967
2431,2015,31731383.246772
2431,2016,27792805.425432
2432,2005,128646967.726368
2432,2006,126069762.3361
2432,2007,139072685.317794
2432,2008,146282586.276636
2432,2009,90071095.619917
2432,2010,109028254.108806
2432,2011,116603922.973238
2432,2012,102692395.833286
2432,2013,99373239.772548
2432,2014,98419332.003027
2432,2015,98220554.83218
2432,2016,96719649.927066
2433,2005,55236604.079384
2433,2006,60500879.4456
2433,2007,71024985.10035
2433,2008,81718086.429868
2433,2009,54137737.061719
2433,2010,56640837.849876
2433,2011,64254159.302603
2433,2012,61752889.339687
2433,2013,59881241.259336
2433,2014,58187444.134148
2433,2015,60087814.873548
2433,2016,65349563.992632
2434,2005,36552432.223846
2434,2006,43966643.0533
2434,2007,48083926.461291
2434,2008,47718278.335844
2434,2009,29883510.454479
2434,2010,41922422.239926
2434,2011,47950025.131852
2434,2012,44685201.996799
2434,2013,41753780.714352
2434,2014,43700944.138488
2434,2015,38334128.861204
2434,2016,38894824.185798
2441,2005,134283.72454
2441,2006,52736784.3057
2441,2007,70459078.499145
2441,2008,77449019.396688
2441,2009,67767503.817139
2441,2010,98591068.554446
2441,2011,123080749.788757
2441,2012,124455765.069496
2441,2013,94477350.534882
2441,2014,78948197.073494
2441,2015,107672855.337784
2441,2016,116189885.397054
2442,2005,0
2442,2006,324076890.1744
2442,2007,345104254.780443
2442,2008,307010451.140612
2442,2009,200569037.386823
2442,2010,269915302.990496
2442,2011,300921010.194206
2442,2012,272073997.038158
2442,2013,259050282.60657
2442,2014,274614849.063751
2442,2015,302306551.6251
2442,2016,287636607.38013
2443,2005,0
2443,2006,67542709.9325
2443,2007,84758265.384957
2443,2008,59813158.047346
2443,2009,44275989.253578
2443,2010,56598022.942742
2443,2011,57987243.69113
2443,2012,55439680.354065
2443,2013,55655317.460694
2443,2014,56195731.162214
2443,2015,57133869.808664
2443,2016,60977928.705696
2444,2005,0
2444,2006,305530046.8792
2444,2007,305184329.18181
2444,2008,284596712.180382
2444,2009,192736028.109883
2444,2010,280083549.263864
2444,2011,314825068.205542
2444,2012,297259623.352867
2444,2013,279109174.040004
2444,2014,265969138.641591
2444,2015,249895598.778276
2444,2016,223959385.30182
2445,2005,0
2445,2006,23126253.3128
2445,2007,32871771.407592
2445,2008,49509971.255966
2445,2009,29296917.139452
2445,2010,41267649.821206
2445,2011,47053875.503732
2445,2012,43630943.542669
2445,2013,39715849.842942
2445,2014,40008230.729397
2445,2015,42096545.838028
2445,2016,36237105.022176
2451,2005,79059356.52475
2451,2006,98701138.4392
2451,2007,109006605.153027
2451,2008,116608704.473516
2451,2009,73784268.227665
2451,2010,87383505.118948
2451,2011,107644684.202325
2451,2012,99794364.918962
2451,2013,94359469.67139
2451,2014,94750883.775891
2451,2015,93184750.77494
2451,2016,87136191.690132
2452,2005,22414084.876848
2452,2006,27505468.5455
2452,2007,31597108.790859
2452,2008,35534776.917378
2452,2009,25753544.138592
2452,2010,26292657.557824
2452,2011,30074321.077015
2452,2012,29945480.785402
2452,2013,28814256.524172
2452,2014,28155401.272145
2452,2015,27069126.851008
2452,2016,23881948.473078
2453,2005,71681769.948502
2453,2006,82731488.785
2453,2007,86879571.364575
2453,2008,80620626.70486
2453,2009,50456332.906072
2453,2010,66265620.03676
2453,2011,78831380.059618
2453,2012,75292670.446133
2453,2013,76698371.65683
2453,2014,82368119.145172
2453,2015,89857578.767176
2453,2016,90422006.02191
2454,2005,18959475.846626
2454,2006,22572482.2697
2454,2007,26354133.700506
2454,2008,25438896.027094
2454,2009,16956014.523371
2454,2010,21253762.274858
2454,2011,24986600.690372
2454,2012,26453393.878772
2454,2013,23915257.308012
2454,2014,24630658.087266
2454,2015,24724017.559912
2454,2016,22787163.451368
2511,2005,415209263.058625
2511,2006,472741273.389
2511,2007,561429430.999182
2511,2008,597194826.812048
2511,2009,474894188.72628
2511,2010,470059987.399456
2511,2011,517871839.115327
2511,2012,509289317.549621
2511,2013,479669151.404184
2511,2014,492027494.928137
2511,2015,502277803.41706
2511,2016,501071515.92372
2512,2005,120370835.244387
2512,2006,133799948.4074
2512,2007,142864851.864672
2512,2008,146559739.742164
2512,2009,142359258.395746
2512,2010,125539414.557008
2512,2011,127183353.780491
2512,2012,129116803.745664
2512,2013,127156773.352392
2512,2014,121466767.106195
2512,2015,134092086.976144
2512,2016,141007618.389114
2521,2005,66817576.762741
2521,2006,77300331.5975
2521,2007,75026452.52592
2521,2008,72654216.72482
2521,2009,61148531.303239
2521,2010,64166416.087608
2521,2011,66403212.23895
2521,2012,65235716.220073
2521,2013,65280872.43321
2521,2014,62366564.484007
2521,2015,64335441.79326
2521,2016,60929839.913454
2529,2005,43747983.127338
2529,2006,52053500.9093
2529,2007,60371442.22545
2529,2008,64636561.835478
2529,2009,51497921.942203
2529,2010,49319741.940406
2529,2011,56152886.198685
2529,2012,54202283.294082
2529,2013,53998728.124908
2529,2014,54192448.432248
2529,2015,53611029.623052
2529,2016,55623708.13371
2530,2005,24963418.911256
2530,2006,28456817.0777
2530,2007,38161111.276818
2530,2008,40416441.686346
2530,2009,36766854.663883
2530,2010,34246980.656176
2530,2011,38702823.415089
2530,2012,40824217.678111
2530,2013,41354465.442108
2530,2014,36106605.658522
2530,2015,38191774.556012
2530,2016,40900347.945858
2540,2005,31066211.787541
2540,2006,15183229.2821
2540,2007,14687770.373217
2540,2008,15999103.56894
2540,2009,14487061.079301
2540,2010,16043376.49501
2540,2011,16509627.2111
2540,2012,18698583.411984
2540,2013,22245661.251618
2540,2014,17375376.137462
2540,2015,18272181.232756
2540,2016,21294236.88237
2550,2005,317973635.666876
2550,2006,337549121.2621
2550,2007,381998839.44222
2550,2008,380979685.455786
2550,2009,257828920.476583
2550,2010,301530898.370526
2550,2011,354702191.847908
2550,2012,341964030.227246
2550,2013,334170112.709244
2550,2014,340281664.662163
2550,2015,343662535.849248
2550,2016,346485227.798778
2561,2005,138684795.366565
2561,2006,159965807.3475
2561,2007,180601885.229121
2561,2008,197303943.110194
2561,2009,152754455.625527
2561,2010,164758733.386208
2561,2011,182791345.540761
2561,2012,175948627.212092
2561,2013,171285615.556482
2561,2014,185058674.823113
2561,2015,194336158.933092
2561,2016,199242959.663226
2562,2005,259642402.794859
2562,2006,298307169.1171
2562,2007,367354341.869211
2562,2008,451325435.702544
2562,2009,263395052.669091
2562,2010,313264178.81933
2562,2011,370153352.206094
2562,2012,378744705.593394
2562,2013,393647660.860902
2562,2014,424128208.042455
2562,2015,437327991.589588
2562,2016,452404087.229598
2571,2005,11996223.863505
2571,2006,13031733.9372
2571,2007,11380634.696439
2571,2008,11099715.949774
2571,2009,9471646.164502
2571,2010,9839564.222324
2571,2011,10312090.925675
2571,2012,10332276.244297
2571,2013,10881359.813604
2571,2014,11520690.926738
2571,2015,12892730.929188
2571,2016,11935036.659234
2572,2005,111500486.103426
2572,2006,120341307.7999
2572,2007,123661950.728292
2572,2008,117151946.739156
2572,2009,93646107.741276
2572,2010,100804246.992862
2572,2011,109149057.76536
2572,2012,108762142.054951
2572,2013,107939239.242324
2572,2014,112590526.273351
2572,2015,114809813.713144
2572,2016,115846555.691922
2573,2005,165947148.661175
2573,2006,172299227.8018
2573,2007,177101079.929649
2573,2008,179167450.386622
2573,2009,133343911.046273
2573,2010,145868899.132338
2573,2011,166295792.378942
2573,2012,171968155.802352
2573,2013,172738087.38291
2573,2014,185582415.106809
2573,2015,190669450.352172
2573,2016,189616728.533982
2591,2005,17560458.523573
2591,2006,18159536.9868
2591,2007,19515623.113503
2591,2008,19820610.850822
2591,2009,14505661.814299
2591,2010,15773230.740726
2591,2011,17899024.210607
2591,2012,17017449.467389
2591,2013,16920781.43133
2591,2014,16406282.171685
2591,2015,16739437.228184
2591,2016,16569191.03805
2592,2005,89579264.226431
2592,2006,95833047.3573
2592,2007,96585962.9436
2592,2008,97896677.66091
2592,2009,93215617.632213
2592,2010,96894893.711116
2592,2011,103725027.950186
2592,2012,99809304.527219
2592,2013,97071639.40551
2592,2014,95575803.050728
2592,2015,93718620.441556
2592,2016,95110949.907168
2593,2005,103424020.553483
2593,2006,116990665.1617
2593,2007,127675942.530093
2593,2008,131989320.087208
2593,2009,90572682.533528
2593,2010,105447091.351948
2593,2011,125493253.430544
2593,2012,116680067.437402
2593,2013,112903883.616048
2593,2014,111966005.346076
2593,2015,114086518.693444
2593,2016,110758033.328442
2594,2005,58167886.632177
2594,2006,61821893.5147
2594,2007,67009257.320166
2594,2008,64577301.754126
2594,2009,45543899.642603
2594,2010,57379951.688546
2594,2011,67379447.603291
2594,2012,62642826.990492
2594,2013,64143373.560588
2594,2014,65888318.317745
2594,2015,65419918.16206
2594,2016,67044345.854286
2599,2005,219904942.451943
2599,2006,241727769.7736
2599,2007,273702018.480759
2599,2008,263857488.05289
2599,2009,203495905.482389
2599,2010,222030229.083696
2599,2011,245240681.247875
2599,2012,241227554.40672
2599,2013,244144908.94101
2599,2014,254667960.018339
2599,2015,270459754.4352
2599,2016,272490484.242924
2611,2005,70957591.682642
2611,2006,79007152.6959
2611,2007,210571711.725519
2611,2008,209055616.882502
2611,2009,173661242.43447
2611,2010,184113082.199596
2611,2011,184923992.41225
2611,2012,170255624.116039
2611,2013,166954064.358774
2611,2014,151562137.992993
2611,2015,182926371.123232
2611,2016,221337857.440116
2612,2005,44219906.212321
2612,2006,51339523.3164
2612,2007,53238470.961825
2612,2008,68521892.2548
2612,2009,52626974.64258
2612,2010,65956390.505708
2612,2011,81808283.624742
2612,2012,73579729.353515
2612,2013,71414480.905614
2612,2014,72185971.69343
2612,2015,69994029.153928
2612,2016,49665343.724214
2620,2005,108812613.294161
2620,2006,100574431.7314
2620,2007,246101988.740931
2620,2008,221666904.809218
2620,2009,190278780.172385
2620,2010,138564738.533152
2620,2011,118448539.844116
2620,2012,135330802.417958
2620,2013,133850386.777212
2620,2014,116485717.902743
2620,2015,122555689.906584
2620,2016,147799365.51414
2630,2005,19807177.254438
2630,2006,22508050.5639
2630,2007,323811906.220521
2630,2008,308450162.440142
2630,2009,227787415.468386
2630,2010,249024458.308184
2630,2011,226612712.180966
2630,2012,213155412.660484
2630,2013,134954496.26442
2630,2014,120475085.275188
2630,2015,122041354.240036
2630,2016,122180807.832324
2640,2005,113983266.977797
2640,2006,146511910.7276
2640,2007,176007584.911032
2640,2008,205476794.098346
2640,2009,186918480.698611
2640,2010,223072785.850036
2640,2011,166292849.419987
2640,2012,155793123.079384
2640,2013,142420070.490096
2640,2014,133025738.127968
2640,2015,136907839.619012
2640,2016,132838405.445994
2651,2005,306068779.880318
2651,2006,334874623.6616
2651,2007,348584325.196482
2651,2008,354975171.785078
2651,2009,297246446.89394
2651,2010,341632871.57068
2651,2011,386754904.043996
2651,2012,392515860.812173
2651,2013,399315055.962522
2651,2014,407594099.426843
2651,2015,429770727.764884
2651,2016,422538899.806866
2652,2005,7772054.331993
2652,2006,7702579.9422
2652,2007,6959433.029733
2652,2008,7393806.088788
2652,2009,4843287.376683
2652,2010,5270701.997082
2652,2011,6189117.187655
2652,2012,6317213.72366
2652,2013,6358444.255758
2652,2014,6231865.28636
2652,2015,5959988.255188
2652,2016,6149126.297532
2660,2005,73843365.317246
2660,2006,75150924.8006
2660,2007,77065511.873049
2660,2008,83236845.965746
2660,2009,78098387.777033
2660,2010,79612394.671562
2660,2011,83906352.591142
2660,2012,82429738.904933
2660,2013,82944073.598694
2660,2014,89198510.67694
2660,2015,102940935.87954
2660,2016,98228881.567284
2670,2005,27869536.30657
2670,2006,33637542.4418
2670,2007,35808361.380936
2670,2008,33635307.893086
2670,2009,29227674.451403
2670,2010,42711470.667626
2670,2011,48512122.841728
2670,2012,47433725.172288
2670,2013,52044602.597232
2670,2014,51122750.09275
2670,2015,57422882.015092
2670,2016,80692479.660654
2680,2008,2484032.29784
2680,2009,1788477.796435
2680,2010,1874717.995814
2680,2011,2144396.355722
2680,2012,2161211.221589
2680,2013,1252456.20717
2680,2014,2078955.805857
2680,2015,1972352.238252
2680,2016,1491757.666632
2699,2008,13728177.919968
2699,2009,8478904.534931
2699,2010,7898490.19545
2699,2011,14128207.176301
2699,2012,15587058.275229
2699,2013,13620646.770276
2699,2014,15029406.418467
2699,2015,12047361.461564
2699,2016,52439640.42444
2711,2005,238297319.201942
2711,2006,277110965.3884
2711,2007,316079128.348641
2711,2008,349713848.82003
2711,2009,280094015.161691
2711,2010,317102119.308502
2711,2011,349149714.912774
2711,2012,329449938.458592
2711,2013,292095705.89073
2711,2014,290148591.075091
2711,2015,292995762.606052
2711,2016,238309813.518252
2712,2005,250613528.810827
2712,2006,249797277.763
2712,2007,274727512.320399
2712,2008,302443704.345482
2712,2009,238708079.738735
2712,2010,275493767.387528
2712,2011,308300870.926641
2712,2012,308639190.700358
2712,2013,298921817.823762
2712,2014,306339513.234027
2712,2015,313879726.913192
2712,2016,313931118.219966
2720,2005,31309375.617478
2720,2006,33339573.7741
2720,2007,40922061.960888
2720,2008,41838020.057108
2720,2009,33395512.399876
2720,2010,37520157.592104
2720,2011,43538239.087676
2720,2012,44938944.580887
2720,2013,48652227.614802
2720,2014,48886894.353066
2720,2015,51778943.289832
2720,2016,55189218.934506
2731,2005,9380545.323016
2731,2006,9588949.0367
2731,2007,11013851.52126
2731,2008,11058193.630568
2731,2009,9175657.687252
2731,2010,9895925.888212
2731,2011,10173205.614586
2731,2012,10471667.925523
2731,2013,12155153.307276
2731,2014,12964361.159316
2731,2015,15179849.822984
2731,2016,14515273.23099
2732,2005,42655567.888773
2732,2006,59128337.9137
2732,2007,180493613.821989
2732,2008,180839370.540408
2732,2009,129338810.913405
2732,2010,164757243.913008
2732,2011,195677117.40208
2732,2012,184607042.056521
2732,2013,175012600.359324
2732,2014,168430629.01616
2732,2015,174665816.168932
2732,2016,142440245.97555
2733,2005,115981881.251124
2733,2006,120511367.8208
2733,2007,114859698.414219
2733,2008,113703730.251558
2733,2009,92217335.991898
2733,2010,110820179.736798
2733,2011,117736954.720384
2733,2012,113269586.372985
2733,2013,113360602.975746
2733,2014,116227918.049481
2733,2015,115780248.516064
2733,2016,121080960.048774
2740,2005,132257784.050364
2740,2006,138218853.5112
2740,2007,152047439.906193
2740,2008,146294530.746984
2740,2009,122986317.384042
2740,2010,133421654.599846
2740,2011,149251887.733252
2740,2012,145278199.5168
2740,2013,147134947.04664
2740,2014,156631563.151
2740,2015,172768646.33644
2740,2016,169305858.686652
2751,2005,216250495.095362
2751,2006,223997623.3374
2751,2007,237694176.047349
2751,2008,217225664.42443
2751,2009,181440802.521732
2751,2010,188882017.912428
2751,2011,196809299.78892
2751,2012,186264437.879177
2751,2013,187000195.185006
2751,2014,190025768.751413
2751,2015,200306149.133332
2751,2016,199116003.46485
2752,2005,40559914.622052
2752,2006,44810379.1498
2752,2007,44795707.733502
2752,2008,43151345.141364
2752,2009,38059531.283734
2752,2010,40174421.176602
2752,2011,39952329.282092
2752,2012,34783606.29786
2752,2013,36364665.295098
2752,2014,34271434.792847
2752,2015,32583032.83202
2752,2016,32738706.809784
2790,2005,128549295.319179
2790,2006,137431948.2976
2790,2007,150837530.028201
2790,2008,166323528.615132
2790,2009,123318226.576116
2790,2010,142638566.893008
2790,2011,158044167.599804
2790,2012,155272239.159408
2790,2013,157622644.738356
2790,2014,153521840.307073
2790,2015,158545440.416748
2790,2016,234076875.570018
2799,2016,33551793.806526
2811,2005,289254900.115167
2811,2006,317033314.2581
2811,2007,341320544.60895
2811,2008,364184179.48001
2811,2009,318709006.985021
2811,2010,351823363.12629
2811,2011,401269897.982803
2811,2012,409818718.580404
2811,2013,394677026.452506
2811,2014,420680308.327804
2811,2015,406479300.504728
2811,2016,359379039.871938
2812,2005,82837871.013954
2812,2006,91517130.0472
2812,2007,103147827.121422
2812,2008,111330165.664502
2812,2009,71949847.06256
2812,2010,90088112.897606
2812,2011,114079750.802799
2812,2012,117392345.08309
2812,2013,112531767.604158
2812,2014,120246150.179078
2812,2015,121860812.046204
2812,2016,118990627.582656
2813,2005,168951758.175648
2813,2006,188497342.2299
2813,2007,205763968.022382
2813,2008,213650644.187014
2813,2009,176986321.141014
2813,2010,205468784.020262
2813,2011,231336407.171198
2813,2012,222597483.27894
2813,2013,218390244.784446
2813,2014,220066034.192739
2813,2015,218902584.325216
2813,2016,219430432.135944
2814,2005,125239574.105618
2814,2006,147162224.902
2814,2007,168055030.685754
2814,2008,171232922.151406
2814,2009,147220967.797403
2814,2010,159850315.955562
2814,2011,175028997.001053
2814,2012,173674471.95658
2814,2013,185321694.298104
2814,2014,195700772.339814
2814,2015,180732916.976612
2814,2016,189912364.044486
2815,2005,178282457.558961
2815,2006,200269495.2456
2815,2007,232199819.366256
2815,2008,260333906.5801
2815,2009,184549664.437989
2815,2010,199959133.28507
2815,2011,233981628.0863
2815,2012,225787949.39505
2815,2013,225826113.867816
2815,2014,236341925.489593
2815,2015,233999196.48468
2815,2016,233214791.461998
2821,2005,33148153.508582
2821,2006,37686155.4443
2821,2007,39341449.917891
2821,2008,42026335.592426
2821,2009,32685318.7645
2821,2010,34751442.886918
2821,2011,40305059.676539
2821,2012,38489008.776897
2821,2013,39202725.765378
2821,2014,36360335.223198
2821,2015,36544727.93554
2821,2016,37394839.531176
2822,2005,276088284.048969
2822,2006,302495177.7804
2822,2007,351135595.023759
2822,2008,352112517.671544
2822,2009,243487887.825643
2822,2010,239397479.14833
2822,2011,290937420.54267
2822,2012,291821412.409793
2822,2013,292368899.229372
2822,2014,313493351.068303
2822,2015,328913784.029292
2822,2016,331093538.376618
2823,2005,11427656.737259
2823,2006,14903087.8634
2823,2007,38864786.016564
2823,2008,28402757.531704
2823,2009,18256442.690513
2823,2010,19874301.56541
2823,2011,18266514.103003
2823,2012,20000629.449402
2823,2013,20371052.728026
2823,2014,21768052.452748
2823,2015,26101213.045424
2823,2016,24091457.470398
2824,2005,21699370.558278
2824,2006,25234575.3869
2824,2007,26447243.236353
2824,2008,23801593.96059
2824,2009,17243037.714417
2824,2010,20694129.956788
2824,2011,24127666.454607
2824,2012,23571761.547901
2824,2013,23648477.83389
2824,2014,24167427.936267
2824,2015,25522286.145356
2824,2016,25811597.81268
2825,2005,222212118.666559
2825,2006,255915403.1423
2825,2007,273924298.219293
2825,2008,285093831.790858
2825,2009,220319354.399207
2825,2010,242446751.025468
2825,2011,272753815.926379
2825,2012,262941854.436338
2825,2013,261580313.504286
2825,2014,274636385.8105
2825,2015,290383002.458736
2825,2016,290845452.841464
2829,2005,244927581.827068
2829,2006,278699768.6066
2829,2007,285142868.53038
2829,2008,300456508.331106
2829,2009,249099553.843016
2829,2010,264747873.617736
2829,2011,309635446.933766
2829,2012,313074222.208664
2829,2013,302282712.66417
2829,2014,320574743.729541
2829,2015,339028062.634184
2829,2016,337762856.007972
2830,2005,160595808.10357
2830,2006,173511600.0794
2830,2007,191901502.633986
2830,2008,223860556.743654
2830,2009,162326253.865979
2830,2010,167971579.21017
2830,2011,212635914.655003
2830,2012,219899130.985191
2830,2013,223647421.044138
2830,2014,216134791.435871
2830,2015,208962605.089392
2830,2016,205722632.192244
2841,2005,137563876.507225
2841,2006,150864131.4774
2841,2007,165876862.100904
2841,2008,184691961.777896
2841,2009,131192391.282333
2841,2010,126383938.414042
2841,2011,168163692.152945
2841,2012,179767665.993895
2841,2013,178804051.958574
2841,2014,176806231.807667
2841,2015,186044203.390672
2841,2016,180447359.544132
2849,2005,57736852.270643
2849,2006,67100534.4845
2849,2007,72471047.642838
2849,2008,75450303.902482
2849,2009,47418500.778104
2849,2010,55496974.563838
2849,2011,68131891.428059
2849,2012,65155569.353056
2849,2013,60763117.798908
2849,2014,62920056.639034
2849,2015,64737966.006956
2849,2016,74073871.545318
2891,2005,29916603.009251
2891,2006,34522318.5065
2891,2007,38584012.002129
2891,2008,43553132.668276
2891,2009,41430344.86392
2891,2010,43780554.951658
2891,2011,47364875.48525
2891,2012,42966797.190947
2891,2013,41354666.807622
2891,2014,41641497.389828
2891,2015,35506830.34888
2891,2016,38603395.234764
2892,2005,190467289.694836
2892,2006,220979052.3721
2892,2007,259654727.273706
2892,2008,265386387.713408
2892,2009,156403513.26683
2892,2010,189952062.906674
2892,2011,251988617.912646
2892,2012,255060128.015
2892,2013,228986784.26547
2892,2014,218739336.301192
2892,2015,218721132.1856
2892,2016,196507646.229168
2893,2005,83529588.685802
2893,2006,89507253.1749
2893,2007,99002213.885655
2893,2008,98148920.717304
2893,2009,84933107.967407
2893,2010,91139487.34529
2893,2011,104103172.099052
2893,2012,106399480.600049
2893,2013,109189428.222966
2893,2014,114054011.207507
2893,2015,115854782.02606
2893,2016,121668039.400788
2894,2005,68000659.597115
2894,2006,69901404.1572
2894,2007,73947948.015915
2894,2008,60003784.934604
2894,2009,39937669.38846
2894,2010,54598420.066474
2894,2011,66305804.022804
2894,2012,59986502.114889
2894,2013,62170707.48966
2894,2014,61720760.271177
2894,2015,64276578.743036
2894,2016,67338775.236234
2895,2005,48484234.178436
2895,2006,52002659.6837
2895,2007,54568290.007611
2895,2008,52338223.505464
2895,2009,41239035.783228
2895,2010,43679196.300398
2895,2011,46893033.48368
2895,2012,46285965.761847
2895,2013,42130968.154002
2895,2014,42749212.2645
2895,2015,44748388.902624
2895,2016,48604159.061598
2896,2005,60425574.599586
2896,2006,64953186.3992
2896,2007,65614730.238945
2896,2008,71051368.71417
2896,2009,47350218.656434
2896,2010,59672660.548476
2896,2011,79721852.38464
2896,2012,84769830.906803
2896,2013,76545251.828388
2896,2014,83206777.507672
2896,2015,88334926.21052
2896,2016,89503635.91461
2899,2005,195290251.368506
2899,2006,214787626.4171
2899,2007,278672802.591429
2899,2008,310933024.150064
2899,2009,218681208.964211
2899,2010,289085202.890162
2899,2011,351385275.94134
2899,2012,312707714.240677
2899,2013,333796437.979116
2899,2014,316072572.178447
2899,2015,305338819.154556
2899,2016,322085559.810894
2910,2005,2512070405.17513
2910,2006,2624478129.0288
2910,2007,2883684810.23171
2910,2008,2714253352.14773
2910,2009,1968146860.33255
2910,2010,2667619057.65629
2910,2011,2911357230.77481
2910,2012,2818849814.44924
2910,2013,3058181906.59418
2910,2014,2754975463.08709
2910,2015,3186934087.29414
2910,2016,3285599276.07837
2920,2005,176014836.172861
2920,2006,202108983.8966
2920,2007,234490386.963492
2920,2008,237247571.661304
2920,2009,133186884.505185
2920,2010,161012410.393568
2920,2011,190460309.149983
2920,2012,179761859.868115
2920,2013,176118760.791582
2920,2014,181961930.683267
2920,2015,192040537.267216
2920,2016,209687392.667718
2931,2005,145425242.184313
2931,2006,154470210.9951
2931,2007,161407373.413167
2931,2008,148227283.239212
2931,2009,111927093.275085
2931,2010,139949330.477774
2931,2011,156170858.741747
2931,2012,155144415.067236
2931,2013,156444924.968808
2931,2014,163543293.361819
2931,2015,175376595.704816
2931,2016,181946584.784478
2932,2005,1045264385.1366
2932,2006,1154459452.245
2932,2007,1213178539.02341
2932,2008,1229444787.73405
2932,2009,935077765.025737
2932,2010,1113563655.1249
2932,2011,1225633410.96876
2932,2012,1217117274.9836
2932,2013,1188221995.38865
2932,2014,1317425192.67829
2932,2015,1487730828.9048
2932,2016,1702090181.72718
2999,2008,1695093.320978
2999,2009,1557405.735403
2999,2010,1794800.311268
2999,2011,1866104.196514
2999,2012,1946362.236476
2999,2013,1740700.456782
2999,2014,1470171.836833
2999,2015,1028551.995944
3011,2005,15236351.530813
3011,2006,15279712.7406
3011,2007,19552711.956381
3011,2008,130008506.386576
3011,2009,111002522.073419
3011,2010,115863126.386868
3011,2011,94911201.153766
3011,2012,85020685.315503
3011,2013,66617245.853844
3011,2014,78667503.710621
3011,2015,79415995.647208
3011,2016,88736657.276802
3012,2005,42748977.793718
3012,2006,60241683.1797
3012,2007,63830576.593179
3012,2008,67868420.869544
3012,2009,53296452.177488
3012,2010,63210166.845842
3012,2011,55884384.034583
3012,2012,49977627.076538
3012,2013,50811626.639046
3012,2014,45463886.018614
3012,2015,52358265.494216
3012,2016,51950756.316408
3020,2005,104842219.136634
3020,2006,102289331.0351
3020,2007,112975230.549789
3020,2008,142973975.446214
3020,2009,148155755.255441
3020,2010,142130112.87409
3020,2011,142236261.01204
3020,2012,151591110.752382
3020,2013,145888882.330044
3020,2014,165822028.771735
3020,2015,167845832.186428
3020,2016,144814137.776136
3030,2005,365794849.544341
3030,2006,344461857.1053
3030,2007,388731470.248962
3030,2008,382814906.35212
3030,2009,383044459.25375
3030,2010,438448741.28117
3030,2011,442776273.504773
3030,2012,513373376.198277
3030,2013,609016311.69603
3030,2014,662994047.918713
3030,2015,681695214.757172
3030,2016,733846457.615154
3091,2005,44244549.73491
3091,2006,41954856.6514
3091,2007,43126821.562257
3091,2008,50734346.570402
3091,2009,39556331.982248
3091,2010,36664864.843834
3091,2011,42356212.661826
3091,2012,37959162.580717
3091,2013,38379096.065226
3091,2014,42865558.407287
3091,2015,45621929.396692
3091,2016,47717475.887226
3092,2005,29313406.778236
3092,2006,28788433.7455
3092,2007,31544746.318431
3092,2008,30455081.47897
3092,2009,28988783.826821
3092,2010,30864446.597904
3092,2011,31599720.032888
3092,2012,33063474.541776
3092,2013,31805518.860696
3092,2014,33730064.046686
3092,2015,36871301.51056
3092,2016,37242822.661692
3099,2005,5242609.490748
3099,2006,5303330.5908
3099,2007,4552778.397366
3099,2008,5607928.828386
3099,2009,4080374.284227
3099,2010,4264644.771508
3099,2011,4546722.574895
3099,2012,4368253.618085
3099,2013,4215117.182724
3099,2014,4363915.924508
3099,2015,5350615.464216
3099,2016,5342211.403092
3100,2005,184426124.254841
3100,2006,191499107.8429
3100,2007,195460988.473134
3100,2008,213312366.646634
3100,2009,180879511.567603
3100,2010,185977582.409258
3100,2011,207461216.792814
3100,2012,183799543.948041
3100,2013,174863261.727756
3100,2014,182660708.285643
3100,2015,195049877.146344
3100,2016,190561209.090948
3101,2005,85785264.632921
3101,2006,88723898.4929
3101,2007,93494699.531496
3101,2008,89236302.90082
3101,2009,67404417.172128
3101,2010,66406621.017238
3101,2011,69774666.017798
3101,2012,68398595.794977
3101,2013,66980009.556306
3101,2014,70198060.639406
3101,2015,75542953.13048
3101,2016,76433252.577042
3102,2005,84622883.251753
3102,2006,92825456.1872
3102,2007,98430577.810731
3102,2008,93589107.977994
3102,2009,77875737.425882
3102,2010,84664285.608198
3102,2011,85442048.178093
3102,2012,82332568.179379
3102,2013,81951975.543144
3102,2014,85142043.180754
3102,2015,90652960.885256
3102,2016,92954555.844276
3103,2005,36746771.028079
3103,2006,39000277.305
3103,2007,39909681.091008
3103,2008,40275844.384628
3103,2009,36843543.602932
3103,2010,38126388.079236
3103,2011,40393542.158943
3103,2012,39469678.308641
3103,2013,37441761.971502
3103,2014,39574163.52519
3103,2015,44285420.42144
3103,2016,44511154.361574
3109,2005,175647299.681294
3109,2006,180693922.7148
3109,2007,193705519.448718
3109,2008,189051909.678162
3109,2009,153570028.605055
3109,2010,161561430.215088
3109,2011,170560065.399447
3109,2012,166026263.447863
3109,2013,162725932.99746
3109,2014,171165162.200298
3109,2015,176859620.868436
3109,2016,182015624.476452
3211,2005,4963400.689912
3211,2006,4453149.8319
3211,2007,5605235.781075
3211,2008,13155089.390406
3211,2009,22353228.511944
3211,2010,17728082.3947
3211,2011,22360952.314953
3211,2012,18206142.064579
3211,2013,20551409.106732
3211,2014,13315546.553085
3211,2015,17280549.168212
3211,2016,15472507.48065
3212,2005,73473019.4492
3212,2006,88935408.7325
3212,2007,82438156.353006
3212,2008,65005938.243412
3212,2009,46599904.62067
3212,2010,51647751.315176
3212,2011,59968838.537673
3212,2012,52325721.110733
3212,2013,52988462.425206
3212,2014,52867629.135433
3212,2015,55886319.221656
3212,2016,58407333.71715
3213,2008,5960931.917416
3213,2009,5377049.540865
3213,2010,5650912.37348
3213,2011,6445773.010647
3213,2012,5516861.61614
3213,2013,5591316.227238
3213,2014,6125195.397391
3213,2015,5370171.84
3213,2016,5720496.500634
3220,2005,6246480.932699
3220,2006,6062883.2847
3220,2007,5570829.136557
3220,2008,5734948.80145
3220,2009,5114881.935657
3220,2010,5557254.298664
3220,2011,5562356.336588
3220,2012,5666972.298806
3220,2013,5884720.6971
3220,2014,6114684.212581
3220,2015,6138233.208844
3220,2016,6343975.62123
3230,2005,27749821.099315
3230,2006,28217133.8174
3230,2007,25377254.706141
3230,2008,23723649.208394
3230,2009,23101234.209898
3230,2010,25502305.841074
3230,2011,27224188.262826
3230,2012,24917703.384966
3230,2013,25424335.21782
3230,2014,25666240.888022
3230,2015,25209413.9671
3230,2016,25344163.435326
3240,2005,37221443.874125
3240,2006,37978119.5365
3240,2007,37745355.629916
3240,2008,38980778.980698
3240,2009,37362420.711365
3240,2010,48807832.343664
3240,2011,47743980.752357
3240,2012,54544368.315038
3240,2013,49671040.161876
3240,2014,73340069.966604
3240,2015,76111728.914056
3240,2016,62506383.95043
3250,2005,217629727.55223
3250,2006,225912187.8299
3250,2007,244265956.908552
3250,2008,264767266.00037
3250,2009,252690687.09779
3250,2010,273828357.613144
3250,2011,285939829.20534
3250,2012,298586032.787308
3250,2013,296655419.131764
3250,2014,315905198.333515
3250,2015,329297415.680112
3250,2016,337598926.757688
3291,2005,13084488.378731
3291,2006,12543021.1643
3291,2007,12590291.255697
3291,2008,11960500.6921
3291,2009,10403395.552132
3291,2010,11523495.59595
3291,2011,11575626.138785
3291,2012,12120652.309549
3291,2013,12052919.29002
3291,2014,12665150.219799
3291,2015,13319323.954728
3291,2016,13605502.37358
3299,2005,51270345.741342
3299,2006,53385852.8104
3299,2007,54207534.328191
3299,2008,53368728.583952
3299,2009,44239994.076244
3299,2010,47692053.074812
3299,2011,51883353.104706
3299,2012,51795800.477043
3299,2013,53774496.438096
3299,2014,54051494.18942
3299,2015,58382770.397204
3299,2016,58506452.170644
3311,2005,29467587.147866
3311,2006,27572846.5958
3311,2007,34140659.8473
3311,2008,45530128.91022
3311,2009,54305069.214191
3311,2010,56762147.99465
3311,2011,56756952.738418
3311,2012,58717856.188208
3311,2013,57882837.692526
3311,2014,62110583.587549
3311,2015,65911303.802564
3311,2016,63873195.632946
3312,2005,184054548.81884
3312,2006,195865418.8326
3312,2007,223500079.183392
3312,2008,269433714.079828
3312,2009,241939789.90399
3312,2010,255816277.3634
3312,2011,285977812.002182
3312,2012,282842640.853577
3312,2013,294029553.165348
3312,2014,313687837.806252
3312,2015,341282498.065476
3312,2016,336573233.544618
3313,2005,12276714.395785
3313,2006,14543462.2751
3313,2007,15024445.871805
3313,2008,42849862.832674
3313,2009,51885923.74306
3313,2010,56427336.761388
3313,2011,61239392.149101
3313,2012,58540069.639324
3313,2013,59447022.631332
3313,2014,61565932.755348
3313,2015,66362562.325708
3313,2016,66394726.503072
3314,2005,39467953.951034
3314,2006,45584782.9118
3314,2007,48671849.440701
3314,2008,52986430.973076
3314,2009,53531835.617849
3314,2010,61457302.65252
3314,2011,72905847.686925
3314,2012,67477766.577522
3314,2013,68071619.465682
3314,2014,70520649.646699
3314,2015,74860023.902444
3314,2016,72311606.046432
3315,2005,39421483.734262
3315,2006,46152569.6038
3315,2007,47679436.047501
3315,2008,54053805.842994
3315,2009,47683914.948748
3315,2010,39654803.55605
3315,2011,43817648.826234
3315,2012,43513793.789431
3315,2013,43483353.86199
3315,2014,45600374.871583
3315,2015,49789943.518876
3315,2016,49157824.185468
3316,2005,89908371.130459
3316,2006,95539628.7406
3316,2007,103732121.682495
3316,2008,114248694.847192
3316,2009,116813263.611277
3316,2010,117348920.588064
3316,2011,122273708.487477
3316,2012,133475134.843666
3316,2013,137998031.596782
3316,2014,141575319.664933
3316,2015,160687743.676592
3316,2016,169959185.76639
3317,2005,33463466.895733
3317,2006,38163187.2666
3317,2007,44315638.930368
3317,2008,47004942.935342
3317,2009,44864674.965136
3317,2010,45090137.025928
3317,2011,54632255.581372
3317,2012,57112611.285058
3317,2013,56853695.840382
3317,2014,56200822.750317
3317,2015,59346708.783912
3317,2016,59788760.40186
3319,2005,569722.174931
3319,2006,1044274
3319,2007,1341099.18
3319,2008,2573757.488956
3319,2009,2236101.729049
3319,2010,2064342.828906
3319,2011,748271.528528
3319,2012,727983.960298
3319,2013,339457.508712
3319,2014,395503.829014
3319,2015,359406.208964
3319,2016,448865.953782
3320,2005,239896390.957237
3320,2006,271722250.4799
3320,2007,339920109.240786
3320,2008,397533013.940068
3320,2009,363136750.833979
3320,2010,359254545.999972
3320,2011,382872753.754843
3320,2012,379053308.622352
3320,2013,380074678.053588
3320,2014,380414553.570562
3320,2015,388461665.417188
3320,2016,365604159.713736
3999,2005,30458343.198297
3999,2006,35503018.5972
3999,2007,38014134.257241
3999,2008,128229272.399008
3999,2009,107378513.62048
3999,2010,120429694.823382
3999,2011,126447032.900479
3999,2012,117302990.296086
3999,2013,114255948.63081
3999,2014,130577206.082295
3999,2015,145819147.52174
3999,2016,132874730.762196
